id,client_id,balance,interest,created_at,atype,astatus
0,240,254,4.392820050748716,2022-09-07,checking,active
1,557,221223,2.6592590963409677,2022-12-27,savings,closed
2,503,1002471,16.60723616663235,2022-12-07,fd,active
3,800,15491,2.8723402571018166,2022-12-30,savings,inactive
4,452,137211,2.4795379565431572,2022-09-20,savings,inactive
5,497,800087,2.914490594366463,2022-05-04,savings,active
6,925,444217.79100651504,17.1331753544388,2022-12-06,fd,active
7,830,2044517,5.685430266831941,2022-11-27,checking,closed
8,452,248085,19.821769070684415,2022-09-02,credit,active
9,276,354962,9.755579567166366,2022-09-15,fd,inactive
10,502,158709,2.0574352640684244,2022-08-02,savings,closed
11,887,122,20.06955313195543,2022-11-17,credit,active
12,230,14476,6.474525417775816,2022-12-21,checking,inactive
13,645,807,19.716420391862425,2022-12-26,credit,closed
14,767,760303.870000004,2.4805938706418904,2022-12-19,savings,active
15,551,2551035,17.42912430342037,2022-09-16,credit,inactive
16,744,2497218.932925459,16.439802367731538,2022-10-10,fd,inactive
17,72,2356185,15.305756443169631,2022-10-29,fd,inactive
18,924,185731,6.142478364811386,2022-12-02,checking,active
19,941,13097,2.2275114808671312,2022-07-14,savings,inactive
20,408,2959,12.81290176916184,2022-12-16,fd,inactive
21,157,1629977,20.410618512317015,2022-12-30,credit,active
22,289,10509,2.9178639105594746,2022-12-16,savings,closed
23,641,549940,2.0680618395056043,2022-11-30,savings,active
24,659,82061,15.835979045915208,2022-12-10,fd,closed
25,342,1314202,4.449311949162381,2022-03-21,checking,inactive
26,206,138172,2.896399698313342,2022-07-02,savings,active
27,940,1123062,16.487622818377375,2022-08-06,credit,inactive
28,353,126365.40369714457,4.496143766191544,2022-12-02,checking,inactive
29,168,2841,12.113226085113247,2022-12-26,fd,active
30,721,116822,22.273278593816492,2022-10-28,credit,active
31,519,36304,16.36298849901026,2022-12-28,fd,active
32,975,60655,17.579016594201537,2022-12-19,credit,inactive
33,615,527442,14.528362574111302,2022-06-10,fd,closed
34,12,75371,2.9652582190509986,2022-12-03,savings,closed
35,465,107167,18.202088667494515,2022-12-30,credit,inactive
36,849,1097885,18.24229274433457,2022-12-08,credit,inactive
37,250,253966,6.788325942951395,2022-07-27,checking,inactive
38,642,634,11.15170904139568,2022-10-29,fd,active
39,829,1652293,17.03193971019331,2022-12-07,credit,active
40,847,120277,20.457856611715407,2022-11-20,credit,closed
41,28,45868,19.505301695764473,2022-04-16,credit,active
42,268,1531288.733333354,14.85480359933586,2022-06-26,fd,active
43,595,436224,19.936727636260883,2022-10-24,credit,active
44,183,731511.3786890645,8.055165673311098,2022-06-16,checking,active
45,358,2985.532228881282,2.6325508657675982,2022-05-09,savings,inactive
46,76,26463,14.049094223955453,2022-08-03,fd,active
47,904,279115,16.979926893635323,2022-08-12,fd,closed
48,838,132,2.8999915715743745,2022-04-30,savings,active
49,396,2157690,2.618933263619116,2022-12-27,savings,inactive
50,632,51585,17.243456531052843,2022-03-28,credit,closed
51,717,399399,14.036382865235318,2022-11-23,fd,active
52,409,36622.70000001229,2.8807830732153485,2022-04-23,savings,active
53,315,91191,20.2731895374469,2022-11-24,credit,inactive
54,867,1522053,4.449138454663697,2022-05-15,checking,active
55,595,83,2.918803783301402,2022-12-26,savings,inactive
56,169,187579,2.62284047830651,2022-04-02,savings,closed
57,6,41381,18.152334833521834,2022-08-17,credit,active
58,792,147456,13.017281902859656,2022-11-04,fd,inactive
59,57,257865.9552441137,22.206376898934973,2022-03-22,credit,active
60,854,59867,2.9761688171478164,2022-11-12,savings,closed
61,67,345194,12.595799243975748,2022-12-02,fd,inactive
62,344,34792,9.719821691778915,2022-12-23,fd,inactive
63,727,500,2.374183526529984,2022-11-09,savings,inactive
64,997,680279,7.24836387331582,2022-11-03,checking,closed
65,103,3100675,16.267139164837964,2022-12-04,fd,closed
66,870,1455012,4.305797158394972,2022-11-22,checking,active
67,724,322175.5822522105,19.979191462275086,2022-12-18,credit,active
68,658,12648,21.61811138533203,2022-08-19,credit,inactive
69,595,76260,18.655357942642823,2022-11-05,credit,inactive
70,341,339462.2333333357,21.59452291252148,2022-08-11,credit,inactive
71,112,40280,2.9211393920738606,2022-07-04,savings,active
72,929,107350,5.290118629668103,2022-11-09,checking,inactive
73,810,22305,20.689152962582305,2022-08-23,credit,inactive
74,228,1,6.530050109981245,2022-12-20,checking,active
75,930,38464,12.204595357372595,2022-02-03,fd,inactive
76,417,23871,14.872579426865434,2022-07-28,fd,inactive
77,438,6414050,13.975709096075256,2022-10-26,fd,inactive
78,226,108276,6.2741449884382945,2022-12-21,checking,active
79,210,2,11.989494776833743,2022-12-19,fd,active
80,685,54147,8.009102602988008,2022-11-01,checking,inactive
81,674,1020269,2.203819908325918,2022-12-26,savings,active
82,43,148,2.3047371442174462,2022-12-25,savings,inactive
83,763,316,18.59462008945673,2022-11-02,credit,inactive
84,352,12860,4.56214312702007,2022-11-15,checking,active
85,348,24817,4.228734753729949,2022-11-03,checking,active
86,771,5650,19.916560382361794,2022-06-28,credit,closed
87,600,411962,10.550969190920194,2022-08-27,fd,closed
88,854,191640,2.8082303350002205,2022-10-06,savings,active
89,423,699,5.438856835804432,2022-05-10,checking,inactive
90,757,52813,13.337056805586336,2022-12-29,fd,active
91,44,130382,14.576403706422415,2022-11-22,fd,inactive
92,469,12732,2.3396579928260843,2022-10-19,savings,inactive
93,279,525,3.0305790546746465,2022-10-13,savings,inactive
94,32,1740308,2.0738369260199505,2022-05-07,savings,active
95,289,860622,6.057584677299941,2022-12-10,checking,closed
96,789,2388,15.93742223713501,2022-05-03,fd,active
97,291,183217,2.9448630321496783,2022-10-27,savings,inactive
98,598,30370,12.374501122652143,2022-12-27,fd,closed
99,616,675849,19.906958856583355,2022-05-10,credit,inactive
100,212,23704,7.8813292803976704,2022-10-21,checking,closed
101,770,327,2.817619119022552,2022-11-25,savings,active
102,690,95916,7.484697379266665,2022-11-15,checking,active
103,530,32211,5.2674211437458,2022-05-15,checking,active
104,209,7615,18.233105937853107,2022-05-04,credit,closed
105,588,76801,21.15457136425075,2022-06-01,credit,active
106,200,10489,2.565379133666906,2022-12-17,savings,inactive
107,349,3565185,6.1878834101387525,2022-11-11,checking,inactive
108,561,1270778,2.5132794495067547,2022-05-09,savings,closed
109,471,110,17.680403193339956,2022-09-23,credit,active
110,704,233,18.821580738786185,2022-10-04,credit,closed
111,523,150212,7.1348090766406695,2022-12-30,checking,inactive
112,708,0,15.122512796394126,2022-12-24,fd,inactive
113,198,40262,2.7451939286543117,2022-06-22,savings,active
114,949,3557,7.0832024537401,2022-12-13,checking,inactive
115,659,80821,6.650732673818653,2022-12-05,checking,inactive
116,99,47061,6.626382761376886,2022-12-24,checking,closed
117,855,10676,2.1721707431419452,2022-12-26,savings,inactive
118,81,5415197.077608996,3.021263174959212,2022-10-08,savings,active
119,745,1032,2.5356444452402433,2022-12-03,savings,active
120,747,639512,7.827875103497497,2022-05-10,checking,inactive
121,366,44386,9.939493740299712,2022-12-16,fd,inactive
122,406,635867,6.723314395467421,2022-09-18,checking,inactive
123,569,36143,2.212792826002489,2022-10-21,savings,inactive
124,597,41793,10.731957031360684,2022-02-13,fd,active
125,679,4999,16.665472242401435,2022-12-19,credit,closed
126,944,6673,4.559999757933634,2022-11-02,checking,active
127,387,3746829.563333323,6.837249208399377,2022-12-29,checking,inactive
128,32,166090,7.920549435,2022-10-18,checking,closed
129,132,1675818,17.320233458526303,2022-09-12,credit,active
130,202,499071,16.671121843876236,2022-10-16,credit,active
131,998,104352,19.114749218475282,2022-04-16,credit,closed
132,942,505198,15.443592127912023,2022-10-15,fd,closed
133,267,216389,2.431822426411393,2022-08-16,savings,closed
134,882,203727,19.364380887396905,2022-08-06,credit,inactive
135,415,1877,18.331213326701292,2022-10-03,credit,closed
136,273,68292,21.25759160700381,2022-08-20,credit,inactive
137,597,245654,7.930997265697344,2022-10-31,checking,inactive
138,468,4301,17.349418945974424,2022-11-26,credit,active
139,437,592052,15.353393566206208,2022-11-20,fd,closed
140,65,36733,18.3512642496136,2022-07-02,credit,closed
141,103,3734,20.698901331458224,2022-03-03,credit,closed
142,270,523,2.6769938137470053,2022-11-18,savings,inactive
143,550,392266,2.3039742723949383,2022-11-06,savings,active
144,141,203570,20.34253895880954,2022-03-20,credit,active
145,739,322595,7.351998160955547,2022-12-25,checking,inactive
146,741,1134796,2.0818882210389766,2022-07-03,savings,inactive
147,293,391565,17.016046913082498,2022-12-14,fd,closed
148,558,389,16.59939277922289,2022-11-18,fd,active
149,39,493154,9.6453803328788,2022-12-20,fd,closed
150,96,37916,12.840219260650876,2022-11-13,fd,inactive
151,883,55,2.851397419896033,2022-12-23,savings,active
152,329,162370,2.9760502405328872,2022-11-22,savings,closed
153,253,36268,7.82450691917167,2022-12-14,checking,inactive
154,54,17588,2.2144965570262563,2022-07-29,savings,active
155,923,2807609,18.58341901959266,2022-12-16,credit,active
156,661,111857,21.70642584994337,2022-11-17,credit,active
157,390,185140,14.80591765983446,2022-09-26,fd,closed
158,630,23389,16.764703268439096,2022-08-31,credit,inactive
159,894,1737864,15.310201759363316,2022-09-28,fd,active
160,369,308427.5052213619,21.474779089059382,2022-08-03,credit,inactive
161,173,344,19.541205018299692,2022-10-12,credit,active
162,721,3692187,21.125653821982727,2022-11-20,credit,closed
163,804,48837,5.991457898738204,2022-06-30,checking,active
164,826,90067,7.971887690972955,2022-05-20,checking,closed
165,908,138626,17.166693024635457,2022-10-07,fd,closed
166,965,15575,14.41006858324483,2022-05-25,fd,inactive
167,712,722238,16.693172418654026,2022-07-07,fd,active
168,558,82268,2.810224076713161,2022-12-18,savings,active
169,673,10893,18.71885763116513,2022-12-20,credit,inactive
170,829,85150,20.426980596453262,2022-11-25,credit,closed
171,226,36213,21.26832232484417,2022-08-17,credit,closed
172,360,549596.1963763675,20.245832599739916,2022-12-01,credit,active
173,114,101774,16.412070133551,2022-11-07,credit,inactive
174,950,209800,20.81837178192629,2022-11-22,credit,active
175,924,189503,6.67284731395198,2022-12-31,checking,active
176,320,3566667.5098765325,7.860828215852186,2022-06-01,checking,active
177,354,18288,2.567714340029532,2022-11-23,savings,active
178,418,194345,5.010363497581016,2022-10-31,checking,active
179,242,480074,11.466476376603563,2022-11-05,fd,closed
180,426,59888,16.811634726943176,2022-07-21,credit,active
181,614,1559303,9.985651069020092,2022-12-25,fd,inactive
182,25,56629,18.456863471285914,2022-12-25,credit,closed
183,486,45895,6.044264251832594,2022-08-30,checking,inactive
184,492,9784,5.954159691499115,2022-12-25,checking,inactive
185,575,776756,17.19756735961101,2022-12-30,fd,closed
186,321,30224,2.6178495109885573,2022-11-22,savings,active
187,247,436432,3.010722057169298,2022-07-07,savings,active
188,11,43253,20.21856502504219,2022-12-27,credit,active
189,470,182850,6.906233914324991,2022-07-22,checking,active
190,146,256536.98040760309,2.0846225391370625,2022-09-28,savings,active
191,241,245617,4.258321692087479,2022-11-05,checking,active
192,874,246501,5.769360616157454,2022-12-30,checking,inactive
193,706,2606,17.966729312460192,2022-12-31,credit,closed
194,792,276922,17.81565284408445,2022-12-17,credit,inactive
195,669,762491,6.057610134695468,2022-08-22,checking,active
196,36,18544,2.8293528063549616,2022-12-31,savings,inactive
197,893,189431,13.92287663027069,2022-09-09,fd,closed
198,830,370487,18.52950530471106,2022-10-13,credit,active
199,381,5617,2.387702817470032,2022-04-07,savings,active
200,540,1602256,14.530003860994348,2022-12-20,fd,inactive
201,534,1390786,17.290711706892193,2022-10-16,credit,inactive
202,83,41051,2.662044324851744,2022-09-10,savings,closed
203,627,165057,12.05687212596326,2022-12-17,fd,active
204,153,1069579,7.353697670677488,2022-12-20,checking,inactive
205,120,310327,2.1081444045560875,2022-08-02,savings,closed
206,824,210583.09965756256,16.656755579509507,2022-07-25,credit,inactive
207,222,26443,2.365515674854957,2022-10-12,savings,closed
208,42,27318,12.769655517219546,2022-12-04,fd,active
209,488,7375,2.295916382900312,2022-07-19,savings,active
210,546,232248,20.835173986001273,2022-12-06,credit,closed
211,607,619087.1949035786,13.723937971345116,2022-12-15,fd,active
212,356,4854.1471189232325,16.019470649593366,2022-05-05,fd,inactive
213,227,1464613,2.7207666214649517,2022-11-24,savings,active
214,382,1159052.259999997,6.228650964034748,2022-11-29,checking,inactive
215,933,202031,22.06935571273032,2022-12-08,credit,closed
216,539,126345,6.249556430443599,2022-09-28,checking,inactive
217,491,1162664,6.015510003334313,2022-10-08,checking,active
218,455,6808,2.7509659787721774,2022-06-28,savings,inactive
219,746,22001,2.428176005096322,2022-05-24,savings,inactive
220,713,589805,8.072344801303032,2022-05-19,checking,active
221,831,241033,12.620870030667998,2022-10-22,fd,inactive
222,457,1434,17.139349769436677,2022-11-23,credit,inactive
223,124,560473,2.964267744203579,2022-10-31,savings,active
224,558,339796,19.939667156701635,2022-12-24,credit,closed
225,921,1765,2.6237842391963735,2022-10-25,savings,active
226,75,4224132.156099431,4.764479158382966,2022-04-13,checking,inactive
227,559,246004,2.5559987704559273,2022-08-11,savings,inactive
228,514,2538344,2.460027052379293,2022-09-10,savings,active
229,869,175706,19.68489972489855,2022-11-06,credit,closed
230,869,294797,19.44563086510324,2022-10-04,credit,closed
231,352,214710,18.831663302422957,2022-10-23,credit,active
232,112,6883,14.845274710257783,2022-03-25,fd,closed
233,530,2316418,20.836601637891455,2022-05-22,credit,closed
234,113,245011,7.895256266792001,2022-12-20,checking,closed
235,662,47629,17.839162942005053,2022-11-15,credit,inactive
236,279,4500,18.836529671520303,2022-10-10,credit,active
237,503,189400,17.429151717952237,2022-11-20,credit,inactive
238,838,37206,14.180904324604253,2022-09-06,fd,active
239,255,894705,21.640713831332512,2022-11-09,credit,active
240,657,31055,6.4703266627238305,2022-12-22,checking,closed
241,851,64894,2.3939783650905597,2022-04-13,savings,inactive
242,606,126819,10.07847653061576,2022-10-28,fd,closed
243,490,1610814,9.55658798051584,2022-06-24,fd,closed
244,892,7210,13.189892172372058,2022-08-25,fd,active
245,244,494960,6.87436953607668,2022-10-15,checking,closed
246,932,240201,18.01646203775851,2022-12-04,credit,closed
247,354,268891,5.254333581323193,2022-12-28,checking,active
248,81,23363,17.644272590140805,2022-12-21,credit,inactive
249,559,192593,8.185919329825872,2022-09-20,checking,closed
250,820,1524167,10.545063484906695,2022-10-31,fd,inactive
251,282,224088.36561777536,21.06629559741009,2022-06-30,credit,closed
252,340,1116,2.526278593335936,2022-08-23,savings,active
253,346,65533.647418999,16.304857407000295,2022-01-28,fd,active
254,816,1558008,6.744564429531458,2022-10-05,checking,inactive
255,760,30975,2.3114990543586678,2022-10-02,savings,inactive
256,693,1425002,17.295036715937314,2022-12-24,credit,closed
257,698,223496,12.441466494212003,2022-11-08,fd,inactive
258,143,104005.81384773554,7.8018472124686475,2022-11-23,checking,inactive
259,759,300,4.985496191213333,2022-09-18,checking,inactive
260,109,41176,2.5405128922513978,2022-11-15,savings,closed
261,39,2394,2.823386366362058,2022-12-04,savings,active
262,271,501037,18.822375421487493,2022-04-24,credit,inactive
263,268,11741,7.72157859581537,2022-10-09,checking,closed
264,270,1118225,4.962652732814055,2022-09-03,checking,closed
265,353,123619.80739428918,12.62517461900457,2022-07-24,fd,active
266,47,5818,18.54077083518024,2022-08-16,credit,active
267,367,2201566,2.1199494482316723,2022-12-26,savings,closed
268,288,51171,2.883903753178785,2022-12-31,savings,inactive
269,227,575558,2.2437140487967517,2022-12-18,savings,inactive
270,105,1205280.379042672,2.6377403639291996,2022-07-27,savings,closed
271,585,163012,2.154176607524137,2022-09-16,savings,active
272,352,135038,21.343504628458472,2022-08-23,credit,closed
273,781,6767,19.92886119204808,2022-10-28,credit,inactive
274,552,1012318,3.0049363188429066,2022-11-30,savings,closed
275,324,4036459,2.51364092021832,2022-03-20,savings,inactive
276,453,354991,16.968443595314447,2022-12-06,credit,closed
277,913,22435,18.049848144722745,2022-11-17,credit,active
278,750,437146,2.783435200996496,2022-09-04,savings,inactive
279,981,266490,12.704740452538251,2022-12-01,fd,active
280,211,1674070,13.979028913963315,2022-11-09,fd,inactive
281,440,224343,17.23453768482527,2022-08-13,credit,inactive
282,200,100940,17.31563871703475,2022-12-02,credit,inactive
283,548,100151,10.628093683277347,2022-08-30,fd,closed
284,605,151527,11.955599651892154,2022-08-31,fd,inactive
285,485,16934,5.904189165296619,2022-12-08,checking,active
286,864,246632,16.635863640266813,2022-09-01,fd,inactive
287,41,77422,5.7111985644589,2022-12-24,checking,active
288,560,31840,2.2271787362186566,2022-08-30,savings,active
289,524,1316830.9283333367,11.557800275217996,2022-11-07,fd,active
290,699,549547,6.851593664998017,2022-10-10,checking,active
291,451,4549,18.255920525054243,2022-07-21,credit,active
292,964,3818441,22.24013072172695,2022-12-27,credit,active
293,826,57847,4.756001406272036,2022-11-07,checking,closed
294,365,4666,18.175222599995273,2022-12-11,credit,closed
295,482,138671,2.4339617512128884,2022-09-13,savings,closed
296,937,54956,5.602598208836862,2022-10-26,checking,closed
297,768,369401,11.054977490440036,2022-10-05,fd,inactive
298,912,45723,19.500336334879673,2022-07-03,credit,active
299,915,271118,19.181903791596515,2022-01-29,credit,inactive
300,503,3,15.33054677638561,2022-11-02,fd,inactive
301,667,557884,5.4236305174128105,2022-11-18,checking,active
302,759,6048,3.037566580542687,2022-12-21,savings,closed
303,716,1190160,2.097059525819634,2022-12-31,savings,closed
304,496,485,2.9906030317372236,2022-12-28,savings,inactive
305,514,46159,13.516036446574994,2022-12-12,fd,active
306,233,40247,4.281382368064176,2022-12-13,checking,active
307,530,20003,6.821223569879258,2022-10-30,checking,inactive
308,149,732458,7.5256004477204215,2022-11-07,checking,active
309,123,100183,2.654611328626694,2022-08-18,savings,active
310,165,91392,12.706590443705204,2022-06-09,fd,active
311,429,100628,17.263274936949514,2022-11-30,fd,active
312,178,16504,2.595966770365693,2022-12-26,savings,closed
313,381,1802744,17.236050227430727,2022-06-18,fd,active
314,600,37674,21.675165276465734,2022-12-15,credit,closed
315,574,528393,13.531184377311229,2022-12-11,fd,active
316,924,138639,21.27512750722534,2022-11-11,credit,closed
317,560,35745,14.813455980909936,2022-09-03,fd,closed
318,843,175560,2.082410402381658,2022-09-21,savings,inactive
319,21,2597,6.216211344079769,2022-11-25,checking,active
320,300,1765,4.701864482942731,2022-12-07,checking,inactive
321,611,360259,4.743742850275611,2022-12-31,checking,inactive
322,386,611007,7.96711082696838,2022-04-24,checking,active
323,279,376,5.91143072704384,2022-09-03,checking,active
324,728,64777,20.279906916411754,2022-11-30,credit,inactive
325,34,24113,18.47636635955226,2022-09-10,credit,closed
326,126,2962,5.636706521403499,2022-10-23,checking,closed
327,129,5111290,18.568370699538068,2022-12-01,credit,closed
328,741,355739,13.146460536075896,2022-05-20,fd,inactive
329,106,463915,16.39330042293739,2022-12-14,credit,inactive
330,653,19,17.771170909576238,2022-05-17,credit,closed
331,941,28563,6.491988800154434,2022-10-05,checking,inactive
332,835,251911,13.366877268887357,2022-08-31,fd,active
333,468,2615013,17.41895888815149,2022-12-30,credit,active
334,200,187347,3.0210963593006657,2022-12-04,savings,closed
335,572,38096.81383167437,18.242278163679387,2022-05-05,credit,inactive
336,737,15571,18.13395954177396,2022-06-03,credit,inactive
337,756,18441,7.398910794355597,2022-06-18,checking,closed
338,692,547518,21.975250726550385,2022-12-15,credit,active
339,797,4340,13.578141720106927,2022-12-03,fd,closed
340,361,10331,2.1669679517719116,2022-12-09,savings,closed
341,650,7695,12.710817799303285,2022-09-16,fd,closed
342,380,30384,6.881648716024177,2022-10-09,checking,closed
343,844,35738,7.021172131979426,2022-10-24,checking,active
344,292,261901,17.26681943286554,2022-12-27,fd,inactive
345,439,52627,2.568174681637568,2022-12-27,savings,inactive
346,97,364305,12.373516990508671,2022-12-01,fd,inactive
347,39,617795,2.7445570468547085,2022-12-10,savings,closed
348,214,5631,13.103156685686775,2022-11-12,fd,active
349,776,255,4.6088582169648085,2022-12-14,checking,inactive
350,837,52114,3.0145676441641767,2022-09-30,savings,active
351,318,17064,4.288107561415012,2022-12-09,checking,active
352,864,251691,21.795823391032343,2022-03-10,credit,closed
353,889,252112,2.787304128566557,2022-10-06,savings,active
354,769,2903,2.2652392307422926,2022-09-19,savings,inactive
355,699,863718,2.7964479349702462,2022-07-07,savings,closed
356,637,32600,15.181191369242391,2022-12-28,fd,inactive
357,923,258328,17.291357474831052,2022-12-07,fd,closed
358,220,179123,10.414598113465788,2022-07-21,fd,inactive
359,518,705764,12.874846028736105,2022-08-22,fd,inactive
360,851,398313,2.9112442974673667,2022-04-28,savings,active
361,276,152512,20.062848005738115,2022-12-31,credit,active
362,538,18480,4.9318439935705385,2022-10-02,checking,active
363,484,1101850,2.5409323356071876,2022-06-23,savings,active
364,429,13805,2.588853758427222,2022-12-02,savings,active
365,646,55205,12.899985447210245,2022-05-28,fd,inactive
366,59,37951,6.02397539342763,2022-12-27,checking,inactive
367,810,753153,11.880973056636165,2022-08-11,fd,closed
368,12,1902,16.116665850363322,2022-07-20,fd,closed
369,374,2117620,15.346417064228945,2022-08-05,fd,active
370,621,89147,17.224989786502793,2022-12-23,fd,closed
371,33,1853,14.777945953873147,2022-08-02,fd,inactive
372,716,35049,13.018280133850858,2022-12-06,fd,active
373,30,669482,2.947000833336929,2022-07-21,savings,inactive
374,93,9880380.161082435,22.245622597866678,2022-05-01,credit,inactive
375,320,1694444,2.1495847650407853,2022-03-23,savings,inactive
376,239,229163,2.2821199495808737,2022-11-03,savings,closed
377,807,14733,12.471488759247858,2022-12-19,fd,inactive
378,753,703514,13.295721349136535,2022-11-10,fd,closed
379,581,134088,16.5671996636628,2022-08-12,fd,active
380,802,596603,16.963449499518962,2022-11-28,credit,active
381,553,5001,22.01316323838602,2022-10-09,credit,active
382,731,26838,11.45452423746062,2022-10-02,fd,active
383,881,4924,12.572999344139754,2022-06-11,fd,active
384,494,775,5.593242665250032,2022-11-10,checking,inactive
385,354,855903,21.43948271305166,2022-12-08,credit,closed
386,588,19,21.60658592398883,2022-06-24,credit,closed
387,135,705846,11.11338827880569,2022-12-07,fd,inactive
388,628,8567,2.2957811276306592,2022-08-12,savings,active
389,946,1143049,2.3738236976231337,2022-12-30,savings,inactive
390,256,518,2.904805587167669,2022-07-27,savings,closed
391,505,1907561.1573587167,17.26482862071949,2022-11-05,credit,closed
392,577,1778556,7.882940585145626,2022-04-02,checking,inactive
393,855,114205,12.93586694485137,2022-12-30,fd,inactive
394,608,94640,2.9041057409148765,2022-12-30,savings,active
395,506,221063,2.955356979440366,2022-09-07,savings,inactive
396,984,214269,2.9725037988897727,2022-12-16,savings,active
397,481,24221,2.279848673973342,2022-12-27,savings,active
398,322,1019769,11.00504397126053,2022-09-02,fd,inactive
399,276,2514039,16.643388714032895,2022-06-07,fd,active
400,986,376648,14.271418398491239,2022-12-19,fd,active
401,830,3442917,4.369404821895812,2022-10-29,checking,closed
402,52,1194520,2.4559963616914073,2022-12-27,savings,closed
403,413,194993,7.574999586320372,2022-10-11,checking,inactive
404,240,17794,2.1385748986652593,2022-07-09,savings,closed
405,57,167919,8.139746321217446,2022-12-31,checking,active
406,893,30831,2.6266629677301827,2022-11-15,savings,inactive
407,920,80999,3.0344609104379994,2022-10-30,savings,closed
408,128,145124,19.96348367522522,2022-12-27,credit,closed
409,892,10475,14.055817310675552,2022-08-25,fd,active
410,509,202517,17.413072849887786,2022-12-28,credit,closed
411,396,850498,2.409858389576659,2022-12-29,savings,active
412,731,129287,4.491589739889971,2022-09-03,checking,inactive
413,660,10454,3.012497234775326,2022-06-22,savings,active
414,590,366655,6.474379191652478,2022-11-19,checking,inactive
415,85,136733,11.840725078950374,2022-10-16,fd,active
416,798,48473,20.94755398465373,2022-10-06,credit,closed
417,735,25917,13.274032727727874,2022-12-12,fd,closed
418,213,91163,16.232600614351107,2022-11-30,fd,closed
419,606,272541,15.27408253757784,2022-07-14,fd,active
420,577,1012964,18.805058877788337,2022-04-24,credit,active
421,204,2385460,17.268308720973216,2022-12-25,fd,inactive
422,146,790,11.144302435647065,2022-12-19,fd,inactive
423,743,124443,17.478664715147616,2022-08-23,credit,closed
424,115,459817,20.293864261195985,2022-09-04,credit,active
425,887,112630,21.47135471020826,2022-05-20,credit,closed
426,699,8229,16.834813205026506,2022-02-20,fd,active
427,497,9157,4.8730665249282,2022-12-23,checking,active
428,582,207308,6.946889685495617,2022-09-04,checking,active
429,806,1885335,6.62105367837454,2022-11-29,checking,active
430,176,41480,16.25234484826414,2022-12-19,fd,active
431,442,47719,6.147926275122458,2022-09-13,checking,inactive
432,819,5728,16.268536944312647,2022-11-18,fd,closed
433,47,308705,7.618994577228979,2022-09-09,checking,inactive
434,196,204161,17.78739876128993,2022-12-15,credit,inactive
435,886,1220,17.736491480414102,2022-07-05,credit,inactive
436,380,174335,5.028689367618635,2022-09-24,checking,active
437,131,940558,14.133391002085204,2022-11-19,fd,active
438,267,157245,17.636986716913153,2022-10-08,credit,closed
439,493,629459,5.110959262459888,2022-11-18,checking,active
440,687,2691005.5099999276,19.375471046687803,2022-12-31,credit,active
441,125,132432,6.441372169735834,2022-08-04,checking,inactive
442,83,2913,17.686158089495507,2022-11-18,credit,closed
443,622,0,2.169889087913914,2022-08-16,savings,closed
444,829,178669,2.394557271742651,2022-12-03,savings,closed
445,719,257161,2.884725997524165,2022-08-08,savings,inactive
446,53,4111739.138385538,20.101688839191986,2022-07-08,credit,closed
447,858,13766,5.315972885741957,2022-08-20,checking,active
448,779,6424,16.080172314169218,2022-08-31,fd,closed
449,9,1322351,15.361027967773218,2022-07-31,fd,closed
450,59,21541,20.66362142171386,2022-12-31,credit,active
451,63,9296,19.544329607486564,2022-11-20,credit,inactive
452,909,110394,10.736736088908506,2022-11-21,fd,closed
453,713,370659,5.7930563427062935,2022-09-30,checking,inactive
454,295,126313,18.0197002413866,2022-11-14,credit,active
455,629,225580,18.47909033827547,2022-11-11,credit,closed
456,481,682,14.93609079058063,2022-12-29,fd,active
457,29,407141,13.510902876971157,2022-07-11,fd,active
458,738,968496,2.056502697064606,2022-12-18,savings,closed
459,666,40551,2.4069676162843354,2022-12-28,savings,closed
460,790,498825,14.57061746600509,2022-09-25,fd,closed
461,833,9466,5.624617452231956,2022-08-03,checking,active
462,439,84971,7.060794921037505,2022-12-26,checking,inactive
463,287,39694,6.718202085419373,2022-05-22,checking,active
464,866,4692,19.084973201164008,2022-12-27,credit,closed
465,259,912727,21.587583914533248,2022-10-14,credit,closed
466,222,756895,2.3512786330653594,2022-11-22,savings,inactive
467,578,121098,18.717497214121938,2022-08-11,credit,active
468,551,4542,2.7191969781371816,2022-10-04,savings,closed
469,612,1612984,17.900433651473808,2022-05-19,credit,closed
470,486,92143,2.6311618339261886,2022-08-31,savings,inactive
471,228,104944,17.256683098191655,2022-09-29,credit,inactive
472,928,262477,5.465961165943451,2022-07-30,checking,active
473,190,279754,16.753334961654758,2022-06-30,credit,closed
474,671,1152,2.0526099499593764,2022-10-31,savings,inactive
475,371,23307,17.273182268742126,2022-12-31,credit,active
476,363,9963,2.5539132667779816,2022-03-17,savings,inactive
477,945,366864,14.502655931732182,2022-12-31,fd,active
478,75,38785.57804971584,8.149226918693248,2022-02-11,checking,active
479,384,285556,10.26084492557215,2022-11-15,fd,inactive
480,772,99481,2.187011868031672,2022-11-07,savings,active
481,929,89698,18.84397446897224,2022-08-24,credit,inactive
482,787,433824,2.3525094461398375,2022-11-17,savings,inactive
483,149,165693,12.758958815051534,2022-11-17,fd,closed
484,889,34233,8.086303038019071,2022-11-14,checking,closed
485,707,412022.7798359408,16.395773256583574,2022-04-25,credit,inactive
486,61,1399009,7.003710215060776,2022-09-06,checking,closed
487,572,1105,12.668242342729357,2022-05-23,fd,active
488,627,17732,2.9538988756525164,2022-12-23,savings,inactive
489,304,152,12.125024887154524,2022-10-27,fd,closed
490,5,3734,2.8067895402626375,2022-10-19,savings,inactive
491,48,5664861.187500019,13.140157968583841,2022-12-30,fd,active
492,723,161757.92508176912,5.633870548330639,2022-11-19,checking,closed
493,937,15986,17.360456819262016,2022-11-10,credit,active
494,179,2705674.4412011215,11.87563769405636,2022-10-16,fd,inactive
495,586,691076,5.329644393570029,2022-11-29,checking,closed
496,448,522160,8.068451808295672,2022-08-17,checking,active
497,913,125562,7.2536204981709025,2022-11-13,checking,active
498,651,30006,18.972663653994175,2022-11-24,credit,closed
499,442,15922,21.742402220270826,2022-09-13,credit,closed
500,304,819871,13.682558577044382,2022-12-30,fd,closed
501,809,59982,6.847085420888787,2022-08-03,checking,active
502,518,2654894,14.03462006024806,2022-10-20,fd,inactive
503,352,5676,12.739401984120065,2022-11-25,fd,inactive
504,997,64436.53804340528,2.878223830375333,2022-07-28,savings,closed
505,792,110651,4.492765289420812,2022-12-02,checking,closed
506,905,146289,9.516355118578941,2022-07-24,fd,closed
507,932,265339,2.8376990499394315,2022-12-24,savings,inactive
508,797,994,14.338542175936826,2022-11-30,fd,active
509,486,1478731,2.9712576916412514,2022-12-07,savings,active
510,290,598219,14.87338918652982,2022-12-17,fd,closed
511,774,15922,4.701476297547208,2022-10-11,checking,closed
512,134,272917,13.394240820799968,2022-04-23,fd,inactive
513,522,67148,6.724483513749444,2022-11-13,checking,inactive
514,255,123876,21.782021890420566,2022-09-02,credit,inactive
515,99,256781,5.686829788014441,2022-12-01,checking,closed
516,595,143390,17.10435532188937,2022-10-20,fd,inactive
517,743,436,20.512744306583347,2022-11-22,credit,inactive
518,216,31359,3.0474812189013916,2022-12-01,savings,closed
519,459,7230,17.73443857930843,2022-12-10,credit,inactive
520,201,25524,21.866114527595766,2022-10-23,credit,inactive
521,283,566581,13.029542892294348,2022-10-30,fd,active
522,919,359966,2.356809828278312,2022-12-14,savings,closed
523,727,91788,11.694020430053975,2022-12-15,fd,active
524,893,288122,2.9468338776007714,2022-11-29,savings,active
525,460,404359,19.383078830852618,2022-12-18,credit,closed
526,860,16980,15.594247713208485,2022-03-07,fd,active
527,882,85506,19.593326368883996,2022-12-19,credit,inactive
528,120,894351,4.444426503432795,2022-03-19,checking,active
529,90,966241,2.8762763143174586,2022-10-25,savings,closed
530,233,1085921,12.317706019117686,2022-12-01,fd,inactive
531,177,512507,5.8361880543237685,2022-08-03,checking,inactive
532,358,2570,8.052466045427362,2022-04-30,checking,closed
533,14,366085,17.994378685686414,2022-12-30,credit,closed
534,35,1691,7.927569576199689,2022-11-21,checking,closed
535,64,1411486.846666852,16.69722760999251,2022-12-31,credit,inactive
536,974,6327,16.377061698629714,2022-12-31,credit,closed
537,696,32096,7.855437878571009,2022-09-12,checking,inactive
538,517,511,2.8216054249261684,2022-07-15,savings,inactive
539,273,67090,20.152180677891472,2022-11-01,credit,inactive
540,800,631,2.1113735805361173,2022-10-24,savings,inactive
541,231,3346513,2.5163760389488012,2022-10-29,savings,closed
542,418,2262082,16.763572839822707,2022-11-21,credit,closed
543,363,1579335,21.915658870152857,2022-09-12,credit,inactive
544,932,5064,2.2237765810065104,2022-10-24,savings,closed
545,495,1553654,4.974553803974543,2022-11-27,checking,closed
546,450,34220,20.802787023340436,2022-07-22,credit,active
547,110,1069879.2849999964,2.1833517198042984,2022-09-21,savings,inactive
548,318,592497,3.035862121354226,2022-08-29,savings,inactive
549,805,173765,2.9278878772278354,2022-12-26,savings,active
550,911,451824,17.28863252963185,2022-12-07,fd,active
551,276,143626,9.833528446299661,2022-07-23,fd,closed
552,531,861870,4.7315101481534665,2022-11-19,checking,closed
553,867,72266,2.517835123555458,2022-10-13,savings,closed
554,189,201501,3.017615706332089,2022-10-21,savings,inactive
555,894,809867,11.246034549723264,2022-11-21,fd,active
556,116,95752,15.126111697374014,2022-08-19,fd,inactive
557,885,42111,21.586831740584593,2022-10-09,credit,closed
558,798,177646,7.185278178425481,2022-09-26,checking,active
559,690,2067654,19.149093386497203,2022-11-22,credit,closed
560,686,2099160,18.462989492600283,2022-10-19,credit,active
561,416,466226,8.102489060587256,2022-10-07,checking,active
562,409,34393,7.473717477002567,2022-10-12,checking,active
563,253,875108,5.613366921077698,2022-09-08,checking,active
564,671,110007,11.984695163447531,2022-10-31,fd,active
565,351,4678046.665644921,5.441146873128848,2022-07-09,checking,inactive
566,320,47903,21.366118620700533,2022-04-27,credit,closed
567,219,2838,7.1093149835475185,2022-11-28,checking,closed
568,763,1644,20.62417293644264,2022-10-23,credit,active
569,224,8943,5.591837370832453,2022-12-28,checking,inactive
570,463,249890,6.82057538546273,2022-09-22,checking,closed
571,547,72572,7.224536230121426,2022-10-03,checking,inactive
572,899,1180299.546666697,10.573100081843306,2022-11-20,fd,closed
573,168,1465168,2.1106363488599857,2022-12-18,savings,closed
574,745,275798,2.907116041171351,2022-11-25,savings,inactive
575,996,949868.5608333373,16.349126789896488,2022-10-14,fd,active
576,74,283940,16.40483161475097,2022-06-25,fd,inactive
577,781,221377,18.39063043052674,2022-10-17,credit,active
578,849,155196,2.668717260116597,2022-12-31,savings,inactive
579,89,319,12.540329173607253,2022-07-08,fd,closed
580,166,2616,21.01973530005047,2022-12-29,credit,closed
581,533,1947,5.9916327032989845,2022-06-25,checking,active
582,95,92394,6.8192407993371145,2022-08-06,checking,inactive
583,456,2542565,16.815434627477515,2022-05-20,fd,active
584,645,80091,14.505166765690783,2022-10-24,fd,closed
585,426,14494,6.6196794426659284,2022-07-24,checking,active
586,306,25856,4.522902263728769,2022-12-09,checking,inactive
587,947,163854,14.252457367724542,2022-08-10,fd,inactive
588,501,32,2.5327107577205066,2022-09-24,savings,active
589,285,55757,10.182952252139245,2022-12-27,fd,closed
590,429,2588867,14.835982423151965,2022-12-11,fd,closed
591,493,159452,17.933507043596325,2022-12-14,credit,active
592,835,354596,16.307471070253666,2022-12-05,credit,active
593,290,579708,18.306264466502494,2022-12-20,credit,active
594,462,22740,18.55714470328678,2022-11-22,credit,active
595,380,255936,7.763897194159741,2022-11-30,checking,closed
596,571,186035,6.385417248845213,2022-12-28,checking,closed
597,934,903697,5.913630649481497,2022-12-31,checking,inactive
598,435,316518,7.713995893091305,2022-12-18,checking,active
599,118,584,15.016033020733833,2022-12-28,fd,active
600,848,719,22.17106273933173,2022-12-30,credit,inactive
601,570,84274,9.871081727130505,2022-08-24,fd,active
602,10,61954,2.9502778309323188,2022-12-16,savings,closed
603,679,9922,21.93194874997019,2022-12-11,credit,active
604,734,65013,18.863019198307235,2022-12-31,credit,inactive
605,504,281992,16.882826093623923,2022-12-02,fd,active
606,239,208798,19.85827252931415,2022-09-22,credit,inactive
607,943,157199,19.776596961274258,2022-12-05,credit,active
608,39,2210151,12.628931527843756,2022-12-03,fd,active
609,764,36188,10.978956095851947,2022-12-26,fd,closed
610,662,31942,8.057970357048676,2022-03-26,checking,closed
611,92,651664,6.991814678313091,2022-11-16,checking,closed
612,545,10807,2.2977772858713936,2022-11-22,savings,inactive
613,716,296575,6.938548160401867,2022-12-13,checking,closed
614,731,11392,18.481583318783372,2022-11-10,credit,closed
615,765,3297503,17.611825709734784,2022-07-30,credit,closed
616,40,12641,2.5465361634039536,2022-12-25,savings,closed
617,671,64032,2.868134830749522,2022-10-27,savings,closed
618,973,3505,20.4894520024965,2022-04-23,credit,active
619,912,919869,2.7047320151129672,2022-08-22,savings,inactive
620,778,1463128,2.5318912194030703,2022-05-17,savings,inactive
621,801,1257377,6.684604029000333,2022-12-26,checking,closed
622,754,5242,2.963919964928347,2022-02-25,savings,inactive
623,654,120,2.4808133310529406,2022-12-20,savings,closed
624,592,18915,2.653267591405395,2022-12-25,savings,active
625,636,3361,14.603855141961574,2022-10-16,fd,inactive
626,342,535643,11.894449888916025,2022-07-07,fd,inactive
627,137,28531,2.4967342956617067,2022-12-21,savings,inactive
628,891,15091,14.429584307857903,2022-12-26,fd,inactive
629,626,2212110,19.15954824563902,2022-09-11,credit,inactive
630,80,1183126,22.23939630077844,2022-09-09,credit,closed
631,801,6225,2.155334684891134,2022-10-21,savings,active
632,451,407562,20.52383211027187,2022-08-15,credit,closed
633,951,1061160,6.17125828117589,2022-11-15,checking,closed
634,605,908444,2.7150023579825033,2022-09-24,savings,closed
635,730,539103,2.1612054147267696,2022-05-25,savings,inactive
636,785,84876,2.7754181725088625,2022-12-31,savings,inactive
637,682,3257,2.629806484835945,2022-11-26,savings,active
638,677,132721,2.23122916575677,2022-06-27,savings,inactive
639,247,213005,2.0915448434506247,2022-11-02,savings,active
640,177,529366,2.170903995146069,2022-10-05,savings,active
641,714,692760,16.795977077795975,2022-05-20,credit,active
642,137,21211.043333374895,11.685210308660942,2022-10-03,fd,inactive
643,154,150254,19.056392833315407,2022-12-20,credit,active
644,648,1442,5.322330949547712,2022-11-03,checking,inactive
645,505,6204.157358716708,17.471740579283466,2022-10-26,credit,closed
646,532,20471,13.593519137140266,2022-12-14,fd,active
647,506,47475,2.376811838253331,2022-07-23,savings,inactive
648,356,928295,5.099865102534929,2022-09-07,checking,inactive
649,310,402899,2.9585203727547524,2022-12-25,savings,active
650,619,613524,2.8102515530065237,2022-12-31,savings,active
651,355,3432,18.83358436381752,2022-12-29,credit,active
652,87,3427,15.75955144518909,2022-12-31,fd,active
653,410,1387681,2.3292967740683963,2022-12-19,savings,active
654,404,1580253,17.485786106389863,2022-12-16,credit,active
655,939,6564,16.386628561651012,2022-09-08,fd,closed
656,19,241297,2.4804871931539094,2022-08-17,savings,closed
657,950,2084864,2.863765544019658,2022-10-19,savings,active
658,698,1728077,2.1232109698546817,2022-11-16,savings,closed
659,629,10775,15.194669250620567,2022-11-12,fd,closed
660,200,72877,4.803496716144664,2022-12-18,checking,closed
661,928,33640,18.843978795492006,2022-05-09,credit,inactive
662,826,22589,20.541268768503485,2022-07-23,credit,inactive
663,235,291376.70797922945,12.32607076705245,2022-07-13,fd,closed
664,697,6714034,2.188942467019247,2022-10-06,savings,active
665,628,12996,5.651206918207774,2022-10-25,checking,active
666,761,27857,20.13228696896345,2022-12-04,credit,active
667,281,29100,2.3683005188653956,2022-06-15,savings,active
668,860,17269,16.993568581651267,2022-04-19,fd,inactive
669,880,578670,2.3753333652631703,2022-10-06,savings,inactive
670,553,268027,2.884513356649241,2022-08-24,savings,active
671,113,3542,14.224614934116033,2022-12-29,fd,active
672,834,5749,4.610370466894535,2022-03-25,checking,inactive
673,953,1150016,16.541397400998658,2022-07-15,fd,closed
674,892,59263,12.982770016464597,2022-07-31,fd,inactive
675,353,120177,7.647376298252164,2022-12-13,checking,active
676,782,739041,21.578641997592023,2022-12-31,credit,closed
677,975,70611,9.69839986392434,2022-11-05,fd,inactive
678,439,464,20.67841306758695,2022-12-24,credit,inactive
679,246,121788,11.759001972189827,2022-11-11,fd,inactive
680,969,232674,17.06509373035195,2022-07-15,credit,inactive
681,12,528479,2.625051161100848,2022-11-20,savings,closed
682,806,359006,19.71923391872071,2022-11-15,credit,active
683,137,170545,2.3719626788770256,2022-09-16,savings,inactive
684,214,3865,11.373227441552585,2022-07-19,fd,active
685,580,1064,7.032327865141166,2022-12-28,checking,active
686,494,315172,14.492575565378429,2022-10-01,fd,active
687,77,82126,3.0301509079153366,2022-05-25,savings,closed
688,446,19247,17.244256049852364,2022-09-12,credit,closed
689,771,50354,8.161942011890641,2022-09-12,checking,active
690,210,1367120,6.579362175745492,2022-12-22,checking,active
691,362,243999,2.700455303197314,2022-08-27,savings,active
692,976,195178.28294039896,7.669969510972772,2022-07-05,checking,inactive
693,742,150221,15.338600461866275,2022-10-31,fd,closed
694,379,5,20.41248367887716,2022-12-30,credit,inactive
695,956,925116,2.2758504877757733,2022-03-24,savings,active
696,260,24229,7.903886308355975,2022-04-04,checking,active
697,356,1093773,6.001750510941451,2022-06-25,checking,inactive
698,893,15588,2.4461905959638774,2022-08-01,savings,inactive
699,100,1867670,20.223146010017178,2022-12-11,credit,active
700,12,8506,2.276025010197387,2022-11-30,savings,inactive
701,676,9043,17.351873947491484,2022-12-31,credit,inactive
702,238,364218,2.272048626311916,2022-12-07,savings,active
703,298,9868,7.409342341286978,2022-11-23,checking,closed
704,923,2044,16.41541790886283,2022-12-30,credit,inactive
705,19,1893,12.047336057300388,2022-06-07,fd,active
706,950,352857,20.818874256511165,2022-10-11,credit,closed
707,387,6855055,14.078655852996498,2022-12-28,fd,inactive
708,87,7400,3.027500351090383,2022-11-09,savings,closed
709,981,127106,17.722439577698147,2022-12-06,credit,active
710,645,128349,2.1845810562753885,2022-11-01,savings,active
711,638,34676,2.289659045407393,2022-09-02,savings,inactive
712,481,401865,17.80777118007363,2022-12-28,credit,inactive
713,797,10869,4.883211239963516,2022-11-18,checking,inactive
714,914,2113242,6.268728590288356,2022-10-17,checking,inactive
715,544,13732,4.758361310057312,2022-12-30,checking,inactive
716,748,84610,5.278725372347075,2022-09-02,checking,active
717,571,9884,14.005460093767928,2022-12-28,fd,closed
718,389,223648,2.7772355992416102,2022-11-17,savings,inactive
719,189,539935,2.256179647368931,2022-09-10,savings,closed
720,929,24061,2.7803683366619154,2022-09-09,savings,closed
721,99,22872,17.468842089917416,2022-11-30,credit,closed
722,898,23024,10.873274317125059,2022-10-29,fd,active
723,651,134840,17.28092257075009,2022-10-14,credit,inactive
724,170,315288,17.561225960612013,2022-10-17,credit,active
725,476,353523,14.241550310572965,2022-12-07,fd,closed
726,187,813525,4.862752646421692,2022-07-17,checking,inactive
727,29,113508,20.68773127932661,2022-07-07,credit,inactive
728,415,211291,12.477409210487071,2022-12-31,fd,active
729,967,186,6.151471692911491,2022-07-26,checking,active
730,777,8645,2.2582383564763164,2022-12-09,savings,closed
731,264,102,5.654397192238203,2022-12-23,checking,inactive
732,383,1174889,2.9453422050741946,2022-11-07,savings,inactive
733,706,1148368,10.799734167032735,2022-12-31,fd,inactive
734,7,117,12.607760134864543,2022-12-10,fd,closed
735,794,61395,2.548593857174156,2022-12-07,savings,active
736,301,103617,6.425632608471839,2022-09-05,checking,closed
737,209,17973,2.8511873194209305,2022-05-23,savings,active
738,538,6989,3.0241620692619544,2022-07-28,savings,active
739,387,1915970,20.729039412734934,2022-12-30,credit,inactive
740,224,782670,21.12665003686623,2022-12-01,credit,closed
741,29,136781,20.371895695359353,2022-03-21,credit,closed
742,618,21046,21.975258955885835,2022-12-15,credit,inactive
743,295,276652,4.669148534869744,2022-03-08,checking,inactive
744,619,994862,19.603784033266113,2022-10-27,credit,closed
745,878,129324,14.079478073187877,2022-11-27,fd,closed
746,230,85480,7.79299579965675,2022-06-12,checking,closed
747,359,193502,16.56792395447433,2022-09-22,credit,inactive
748,192,69962,12.546408288000622,2022-04-17,fd,active
749,231,584,4.535395214046528,2022-11-27,checking,closed
750,202,1311056,22.238978176650896,2022-09-02,credit,closed
751,611,733199,17.407056364713767,2022-12-31,credit,inactive
752,303,104578,2.184338441495904,2022-09-14,savings,inactive
753,945,2056252,14.89777312034781,2022-12-28,fd,active
754,654,207587,21.899228214351712,2022-06-27,credit,closed
755,361,1527482,5.065391761809234,2022-07-14,checking,closed
756,332,564645,10.846580791784605,2022-07-28,fd,active
757,944,793986,15.892735332089666,2022-12-26,fd,closed
758,205,1096697,2.881185522070886,2022-09-27,savings,inactive
759,948,990597,4.674355270853342,2022-12-28,checking,closed
760,939,612396,17.472947254344962,2022-10-30,credit,inactive
761,95,103234,22.03144256336794,2022-11-22,credit,inactive
762,586,420985,10.330402941166543,2022-11-11,fd,active
763,113,103105,2.973422166377083,2022-12-19,savings,active
764,731,34396,2.0584097011812035,2022-09-19,savings,active
765,228,1979,20.55287651457207,2022-10-17,credit,active
766,107,1132978,2.940849044846688,2022-09-03,savings,active
767,353,39373,22.270339504854014,2022-07-02,credit,inactive
768,160,5866,2.2927821753020745,2022-09-30,savings,closed
769,880,936889,17.24781741687341,2022-12-25,credit,inactive
770,255,219703,16.019958402664386,2022-09-06,fd,closed
771,609,210883.98983420385,4.716712821688064,2022-07-20,checking,active
772,168,3749,6.728138211777662,2022-11-19,checking,inactive
773,287,828311,13.845400467712157,2022-07-22,fd,closed
774,476,107641,21.309295832637584,2022-08-11,credit,inactive
775,293,25,2.3383449064830772,2022-09-11,savings,active
776,581,1546679,16.704133968742468,2022-07-15,credit,active
777,528,741462.0400568596,5.583490783910919,2022-12-09,checking,closed
778,670,466941,6.001858142523105,2022-12-31,checking,closed
779,154,227537,7.4787392056149935,2022-07-11,checking,active
780,949,16,2.8049487629162497,2022-11-28,savings,inactive
781,733,149333,18.502090068923884,2022-04-09,credit,active
782,737,88255,2.3374262290881775,2022-11-03,savings,active
783,610,1190194.8162052655,15.719038598625222,2022-11-25,fd,inactive
784,676,164880,10.175959927321625,2022-12-30,fd,closed
785,236,225,16.769175692494514,2022-11-26,credit,inactive
786,801,863712,19.094265019158,2022-11-10,credit,active
787,865,196290,2.098438924912112,2022-10-13,savings,active
788,97,44450177,7.679986120810267,2022-12-25,checking,inactive
789,342,605050,13.459023114171845,2022-12-24,fd,inactive
790,569,356163,9.620764602510071,2022-11-08,fd,active
791,192,125,4.2667831296092436,2022-10-24,checking,active
792,257,114773,2.0774000677258764,2022-08-13,savings,inactive
793,926,6260,7.09315710735466,2022-10-29,checking,active
794,436,34511.31659739485,5.327556756379835,2022-12-10,checking,inactive
795,326,102235,19.606897837119078,2022-02-07,credit,closed
796,155,13145,15.949734267197169,2022-09-19,fd,active
797,554,190788,14.224873710882623,2022-10-13,fd,inactive
798,613,653081,2.5840663454729853,2022-11-24,savings,closed
799,993,66906,7.564222079498918,2022-10-17,checking,active
800,843,127457,2.2749583141953336,2022-09-29,savings,closed
801,177,132368,2.5867064608866976,2022-08-21,savings,active
802,490,670520,5.506579139711446,2022-08-19,checking,closed
803,825,306377,17.582384020004962,2022-11-28,credit,inactive
804,960,1166198,5.2420205323508,2022-08-19,checking,active
805,243,374,17.270079581801795,2022-09-07,credit,closed
806,653,327375,21.699905787913913,2022-06-30,credit,active
807,814,101623,6.678501035087141,2022-10-17,checking,inactive
808,699,676546,2.8908026783176908,2022-08-25,savings,closed
809,60,114168,15.660071092770185,2022-10-18,fd,closed
810,775,8524,2.183848864042997,2022-11-03,savings,active
811,81,7158,2.6673668975385634,2022-07-17,savings,closed
812,578,48285,21.923157313222386,2022-11-15,credit,active
813,593,2087506,2.05737036843201,2022-07-29,savings,closed
814,608,672,21.736173436835607,2022-12-25,credit,closed
815,9,6286,17.666705069667064,2022-09-20,credit,inactive
816,210,127,15.611319176363082,2022-12-03,fd,inactive
817,452,703729,15.908065915980327,2022-10-22,fd,active
818,758,10183,17.617439251686413,2022-06-01,credit,closed
819,539,7193,16.078946012642735,2022-11-01,fd,active
820,524,239243,2.245230766150226,2022-10-02,savings,inactive
821,658,343501,15.16412164928084,2022-06-26,fd,active
822,24,1837035,4.839422155240656,2022-12-06,checking,closed
823,151,1934915,5.769664095149637,2022-12-17,checking,active
824,860,4576,2.7642066200009454,2022-07-08,savings,active
825,450,93882,9.712164453296538,2022-07-22,fd,closed
826,576,2109173,7.609752912451437,2022-11-07,checking,inactive
827,147,3640522,8.074783832998062,2022-11-14,checking,inactive
828,704,688000,7.622408478122839,2022-10-21,checking,inactive
829,585,1675554,14.880123401257121,2022-09-30,fd,active
830,482,32804,2.5098364243290914,2022-10-07,savings,inactive
831,226,109678,7.230380598815371,2022-07-30,checking,inactive
832,7,154283,13.91565971952202,2022-09-15,fd,closed
833,2,38483,20.670775355755513,2022-07-24,credit,closed
834,107,528102,3.0270043162869493,2022-12-25,savings,closed
835,129,2178946,16.601667252545713,2022-11-30,credit,active
836,703,104450,9.885383745023786,2022-11-28,fd,inactive
837,822,11652,4.751681014355301,2022-07-09,checking,closed
838,344,2722719,11.317859196830536,2022-12-27,fd,inactive
839,30,330145,10.24460250582507,2022-06-02,fd,active
840,240,238128,10.040690679860939,2022-10-04,fd,closed
841,83,13022,16.43251362968429,2022-12-28,credit,active
842,728,18613,16.330850085493598,2022-12-30,fd,active
843,775,114217,11.805440387921438,2022-10-04,fd,inactive
844,873,318647,16.943795649346416,2022-05-21,credit,closed
845,799,329093,2.3511528544876374,2022-08-14,savings,inactive
846,379,6169,5.340084791532331,2022-12-29,checking,inactive
847,75,23558,2.9776842218746906,2022-04-06,savings,inactive
848,194,538209,7.290516424625444,2022-10-14,checking,active
849,887,499875,17.502033422643663,2022-11-30,credit,inactive
850,646,1172467,20.096259937172153,2022-10-19,credit,active
851,44,92141,6.4437759237926056,2022-12-28,checking,closed
852,46,5313841,12.31649607667363,2022-12-01,fd,inactive
853,225,3075,6.1339117009464825,2022-07-02,checking,inactive
854,126,378621,18.83534921388147,2022-11-19,credit,inactive
855,471,2849564,2.248589460397597,2022-07-08,savings,active
856,353,493,2.741921528969341,2022-12-18,savings,inactive
857,273,217156,21.771106922707087,2022-07-31,credit,closed
858,177,3229,6.920218610347426,2022-10-14,checking,closed
859,57,1549837,16.39754004128795,2022-12-27,credit,inactive
860,12,115021,2.325961080494624,2022-07-21,savings,closed
861,880,98756,2.1821887464666596,2022-03-13,savings,active
862,60,1338763,19.94550907553174,2022-11-23,credit,inactive
863,634,132232,18.08620613651175,2022-06-08,credit,active
864,504,150520,2.528816133711489,2022-11-17,savings,active
865,432,69414,9.454159936510834,2022-12-04,fd,inactive
866,304,384155,6.168843645030313,2022-11-29,checking,closed
867,367,2418172,10.431315038737829,2022-12-27,fd,active
868,791,313675,19.22807505020936,2022-10-18,credit,inactive
869,364,2362934,6.472123192981213,2022-10-31,checking,inactive
870,651,5230341,6.268646963288729,2022-12-27,checking,inactive
871,872,76219,10.060567296876025,2022-11-04,fd,closed
872,497,1234380,7.2186346394184575,2022-05-20,checking,active
873,871,177820,2.591627030153151,2022-08-09,savings,active
874,75,218982,20.82835035968692,2022-05-12,credit,inactive
875,807,23913,20.702368828532563,2022-12-16,credit,inactive
876,322,114674,14.498809177626335,2022-09-18,fd,closed
877,741,581080,2.282646164237137,2022-10-17,savings,inactive
878,240,95518,16.558248929934887,2022-09-18,fd,active
879,339,954264,6.797952222107671,2022-11-18,checking,inactive
880,972,1132282,20.53052547674627,2022-12-17,credit,active
881,193,33922,8.003347939231478,2022-12-10,checking,closed
882,180,2174919,2.75098614034805,2022-12-05,savings,active
883,585,29155,2.3297494348648495,2022-09-19,savings,active
884,895,633133,2.7880473699307915,2022-12-09,savings,active
885,580,765328,17.766284407037038,2022-12-28,credit,active
886,386,12194,3.007673683309169,2022-04-02,savings,active
887,997,81424,19.14036263931221,2022-08-29,credit,active
888,923,5601887,7.955405084341917,2022-12-19,checking,inactive
889,723,12384.462540884546,11.452300710328442,2022-01-28,fd,closed
890,956,1227685,16.5874487989179,2022-09-13,fd,closed
891,943,29051,11.746357483810339,2022-12-12,fd,closed
892,985,1221,17.932997575906917,2022-12-28,credit,inactive
893,117,694164.0429164962,2.6981838704596384,2022-12-31,savings,closed
894,269,27130,2.9664988475459513,2022-12-13,savings,inactive
895,31,1102769,2.6481074003348977,2022-12-15,savings,closed
896,183,183314,20.718477740062156,2022-12-17,credit,active
897,256,28501,4.447355533386433,2022-08-04,checking,active
898,572,277958,19.006268447498872,2022-05-25,credit,active
899,31,1418522,2.305009458780596,2022-12-25,savings,inactive
900,714,191063,11.238031820148924,2022-10-26,fd,inactive
901,907,42055,19.140295800605063,2022-06-30,credit,active
902,977,294,3.0354265725008673,2022-08-01,savings,inactive
903,437,4139,14.10548966069295,2022-12-12,fd,active
904,555,307116.4122514544,5.374117454010902,2022-12-26,checking,inactive
905,569,1000342,16.395391306497242,2022-10-13,credit,closed
906,235,12817,2.148621218321827,2022-12-12,savings,inactive
907,251,182873,6.344165962297626,2022-09-18,checking,closed
908,929,141821,2.2189817019664235,2022-09-27,savings,closed
909,569,415617,14.35827103789125,2022-12-24,fd,closed
910,477,569167,2.561390568003903,2022-07-22,savings,active
911,404,723033,21.40394637401469,2022-12-08,credit,inactive
912,306,980376,22.279677424373936,2022-12-11,credit,inactive
913,976,151202,2.8528791659642185,2022-10-23,savings,inactive
914,261,279772,2.838490675992381,2022-10-11,savings,closed
915,7,2276,13.094936912523375,2022-09-20,fd,inactive
916,157,1995826,4.774088002772014,2022-12-23,checking,inactive
917,844,55469,21.182618076165085,2022-11-14,credit,inactive
918,591,61751,2.13399044443602,2022-10-27,savings,closed
919,884,885617,12.45143724281534,2022-10-24,fd,inactive
920,757,168780,4.616907380948383,2022-12-14,checking,active
921,878,390304,13.618305759336833,2022-11-13,fd,active
922,838,4958,7.862343657082437,2022-11-28,checking,active
923,69,140994,2.4807133239590566,2022-03-28,savings,active
924,887,544086,17.427171405375514,2022-09-22,credit,inactive
925,276,113995,7.7847270750117,2022-11-17,checking,active
926,683,221829,2.186326818854848,2022-12-15,savings,inactive
927,167,946,12.544622846036079,2022-12-18,fd,inactive
928,866,270633,18.145890332620127,2022-12-19,credit,inactive
929,73,103823,2.8949122384333617,2022-10-18,savings,closed
930,457,5428,12.087037289397086,2022-11-18,fd,inactive
931,326,257629,10.437335709303875,2022-07-04,fd,inactive
932,387,1310,3.0068708811401006,2022-12-31,savings,inactive
933,650,2064657,9.578672341371993,2022-06-09,fd,closed
934,156,61642,10.551180631501767,2022-12-24,fd,active
935,171,4659,2.8994381041118595,2022-12-31,savings,active
936,887,16429,17.369739756008507,2022-12-28,fd,active
937,355,5129284,7.438336767926216,2022-06-03,checking,active
938,78,239167,2.4321420254684876,2022-12-17,savings,inactive
939,481,1071439,2.2320982423079223,2022-12-28,savings,active
940,7,1206065,4.4690778682779895,2022-11-28,checking,inactive
941,580,1610553,5.814117762191259,2022-12-30,checking,closed
942,485,185297,14.924709420319314,2022-11-12,fd,closed
943,783,138145,4.272331216603674,2022-12-08,checking,active
944,377,147053,3.0485150633247287,2022-12-02,savings,closed
945,167,34480,4.30208473385405,2022-12-27,checking,closed
946,913,1221494,17.664454580227194,2022-06-12,credit,inactive
947,351,1906,16.729126260816116,2022-09-24,credit,closed
948,75,3925,18.981134842276916,2022-08-22,credit,inactive
949,785,467069,5.281073560323375,2022-12-25,checking,closed
950,164,24898,2.7772612975468434,2022-10-17,savings,active
951,911,2335290,4.725977543310011,2022-12-30,checking,active
952,432,89878,8.064682271642702,2022-12-16,checking,closed
953,862,1064013,10.384631291943428,2022-10-03,fd,active
954,457,4054,21.49764078189549,2022-10-27,credit,inactive
955,658,57717,2.196671171669047,2022-02-19,savings,closed
956,616,301685,19.79686832321419,2022-12-08,credit,closed
957,661,1683326,7.3042348871860465,2022-11-18,checking,closed
958,616,1939462,13.987271926178805,2022-06-21,fd,active
959,23,40303,5.859322110772998,2022-12-31,checking,active
960,274,82,15.908283136367313,2022-08-22,fd,closed
961,593,262292,15.552859706126462,2022-05-16,fd,inactive
962,49,34425,7.313849589732802,2022-05-09,checking,active
963,123,21074,17.86183805162566,2022-12-22,credit,active
964,372,354309,21.943954252204154,2022-10-19,credit,closed
965,891,29323,2.190753912773711,2022-12-09,savings,inactive
966,487,103166,19.716098456401856,2022-02-20,credit,inactive
967,721,18808,19.122921961644575,2022-12-14,credit,active
968,98,568027,11.766303348782527,2022-11-21,fd,inactive
969,205,934713,7.804076538328264,2022-11-11,checking,closed
970,333,1390539,17.149578061351207,2022-12-27,fd,closed
971,118,587186,5.765319636654833,2022-12-31,checking,closed
972,677,155718,6.9135612811502405,2022-08-05,checking,closed
973,364,45742,5.199756059776528,2022-08-06,checking,inactive
974,221,433826,6.495894982698463,2022-11-19,checking,inactive
975,546,467359,19.473159793102166,2022-09-08,credit,active
976,427,429328,5.203232698903045,2022-11-12,checking,active
977,214,728479,7.222930115484342,2022-12-20,checking,inactive
978,484,75039,11.642361695895676,2022-10-16,fd,inactive
979,549,1528712,2.938937586709302,2022-07-28,savings,closed
980,267,1540731,14.7717153714668,2022-12-09,fd,inactive
981,445,5453,21.74671172427921,2022-11-16,credit,closed
982,908,144913,11.88157355083923,2022-11-09,fd,active
983,196,5624,6.310631385825616,2022-11-28,checking,inactive
984,920,246638,2.852269022062354,2022-12-20,savings,closed
985,80,996,4.656006226945989,2022-07-28,checking,inactive
986,581,8910,2.2342480007452106,2022-06-18,savings,active
987,828,33453,13.415521130717794,2022-12-04,fd,closed
988,596,1734140,20.116313998591835,2022-12-01,credit,inactive
989,446,160735,11.279618260199069,2022-02-14,fd,inactive
990,126,6634,9.52728589937448,2022-11-21,fd,closed
991,685,47814,4.722180791969325,2022-10-01,checking,closed
992,371,11945,2.7383721159371195,2022-12-31,savings,inactive
993,267,3270754,3.047500056413506,2022-11-28,savings,closed
994,967,139008,17.046972268065538,2022-10-11,credit,active
995,964,44397,2.1098745097986122,2022-11-04,savings,active
996,912,137523,7.351461057027471,2022-09-29,checking,inactive
997,141,310460,4.383460533051657,2022-09-23,checking,closed
998,105,4562844,2.8263489146601066,2022-07-10,savings,closed
999,503,1764809,15.569497275650466,2022-12-24,fd,closed
